,0
0,985 2460 6
1,7588512189
2,0498058170
3,0461744849
4,549 9544 8
5,804 0370 1
6,800 1423 0
7,4131540089
8,982 4428 2
9,6650490463
10,3749958727
11,6851879316
12,735 2509 6
13,4162765081
14,6311278479
15,061 9739 8
16,4897457891
17,7219197549
18,9317968276
19,9069926554
20,180 4391 8
21,4242039767
22,384 1733 8
23,9069850209
24,369 5263 3
25,2566539363
26,3306627246
27,384 8112 9
28,706 9647 8
29,554 6818 6
30,672 6628 3
31,3083494907
32,4269810773
33,118 8627 8
34,941 6389 3
35,6989552450
36,6360250376
37,837 1206 2
38,289 2776 0
39,4587434954
40,989 9530 8
41,0496687950
42,9732333201
43,359 0735 4
44,7976566141
45,1211976320
46,260 4607 0
47,169 8610 0
48,6112698277
49,082 9725 6
50,986 1975 5
51,585 2205 2
52,843 7148 2
53,221 9556 4
54,309 9587 9
55,9448043345
56,7046490626
57,816 1103 0
58,0447931595
59,8625840402
60,8785924859
61,581 3082 7
62,0493577853
63,184 4042 7
64,3601904060
65,8599740719
66,391 0180 8
67,9539537088
68,5439943959
69,632 4652 0
70,0672921455
71,685 8823 1
72,693 2771 8
73,3436237389
74,8714775612
75,9544195693
76,8275353241
77,7879291353
78,790 1814 4
79,1755631017
80,279 9679 2
81,715 9029 4
82,0106617404
83,5056954234
84,251 6754 5
85,675 9308 2
86,2456769750
87,021 8159 8
88,2571089939
89,2279773857
90,1565231161
91,212 8624 9
92,441 5582 3
93,157 4169 2
94,521 5943 4
95,862 8734 5
96,7021192332
97,3179586464
98,137 5971 1
99,6332019030
100,939 1425 7
101,474 9901 0
102,8267589448
103,6603927206
104,4844188649
105,304 1682 2
106,7474959235
107,510 5944 5
108,368 9801 0
109,7170013621
110,0440914382
111,2973295529
112,706 5820 3
113,7131092990
114,1487281336
115,9162091217
116,745 1381 4
117,6513256325
118,608 9733 6
119,783 4378 4
120,6727602464
121,2174767974
122,606 1757 8
123,0842004569
124,636 3485 0
125,2072461483
126,054 2268 1
127,0668420420
128,2703420781
129,295 1281 7
130,7735903964
131,428 6051 9
132,2723665769
133,5668354304
134,8673982980
135,8042176432
136,022 4823 8
137,4582460152
138,416 0197 5
139,4012517832
140,526 6015 6
141,0086996384
142,183 3985 5
143,8019229379
144,576 3033 0
145,758 1050 0
146,6430708493
147,0944560061
148,0732944628
149,0496003710
150,7394354894
151,306 2771 4
152,8973654878
153,973 4680 2
154,269 2474 9
155,704 5789 6
156,0452086991
157,857 1637 2
158,5322255969
159,302 3309 1
160,6662990904
161,605 2255 5
162,2847135227
163,529 6909 0
164,397 4675 7
165,7258866514
166,477 7339 0
167,986 9387 0
168,4652952069
169,2237653356
170,3022510204
171,162 6457 9
172,515 9546 7
173,407 1409 6
174,493 4910 1
175,9041436109
176,1513066630
177,411 8858 0
178,741 9656 5
179,0496406167
180,245 2052 9
181,7029056688
182,1650673019
183,610 8993 0
184,5910453116
185,4078468237
186,420 3253 7
187,064 5875 4
188,352 3158 4
189,111 2289 0
190,4637649645
191,402 7764 2
192,330 5545 4
193,206 4693 9
194,3216936483
195,619 1158 9
196,5485851289
197,404 1114 0
198,3720272895
199,1803222704
200,401 9239 8
201,3962973477
202,533 7000 8
203,2408479260
204,8901488918
205,6012467022
206,487 6026 6
207,5283159817
208,446 3894 9
209,4560590496
210,2947137456
211,299 3334 2
212,3046262356
213,0436748814
214,052 1206 4
215,130 2902 7
216,8085124180
217,5605772436
218,839 9497 9
219,272 8523 7
220,7751694882
221,782 0700 7
222,180 6964 5
223,399 9241 6
224,0412972605
225,953 9325 5
226,3289232330
227,991 5926 1
228,2209439743
229,6632351697
230,3306176743
231,366 5667 6
232,4974417917
233,330 1690 0
234,0511433595
235,988 6963 8
236,5247388366
237,229 7996 7
238,5063233634
239,136 6417 5
240,451 9172 7
241,0655301726
242,936 3504 1
243,723 8657 7
244,4048609163
245,891 0875 4
246,1381374016
247,9889935906
248,887 3381 2
249,9117611327
250,1377704723
251,784 3845 9
252,884 1826 5
253,639 5096 5
254,713 4023 1
255,0901264528
256,4922898193
257,496 3919 8
258,589 4733 9
259,657 4574 0
260,2123635727
261,2665580829
262,246 0739 2
263,7874366612
264,3272320951
265,8593035112
266,739 0426 0
267,7421632123
268,5942221355
269,309 5585 9
270,1333974753
271,5116984454
272,979 7904 9
273,839 2585 3
274,686 0237 7
275,123 7317 4
276,7732345773
277,061 9813 6
278,324 9977 7
279,9895657927
280,236 3257 4
281,271 6760 6
282,5008637744
283,0189532262
284,955 2300 8
285,8301033723
286,0402091497
287,817 1468 6
288,895 4878 7
289,150 9899 7
290,4692171278
291,9988777430
292,8570296042
293,9381600610
294,7712100578
295,7226525234
296,3232893964
297,916 4750 2
298,942 7648 9
299,246 5751 8
300,8506961465
301,2850028895
302,356 1948 7
303,5534407223
304,6988269298
305,3731781896
306,3169317176
307,852 1405 6
308,7736604200
309,0201284604
310,9550202756
311,3385367861
312,305 1966 6
313,4783392875
314,380 3778 3
315,070 0538 6
316,1128753971
317,423 0321 6
318,618 5520 7
319,529 0936 6
320,2613128066
321,7510431424
322,068 3380 1
323,913 8468 4
324,089 7266 9
325,496 5995 9
326,9820059266
327,650 3563 7
328,7530422766
329,420 4224 1
330,507 2578 6
331,780 9123 6
332,2347480546
333,2673980188
334,875 9053 9
335,407 1826 1
336,058 2479 9
337,551 7940 4
338,5593783191
339,6918519954
340,1156539129
341,2821114645
342,683 6800 7
343,5684600431
344,5823718274
345,7197595809
346,9140881929
347,191 1345 1
348,1265536215
349,1649085525
350,811 8085 5
351,0172563390
352,1532878910
353,1746169664
354,777 4287 8
355,013 3522 4
356,795 4974 7
357,1469037276
358,0585725580
359,2658224264
360,2559925941
361,365 2630 1
362,507 6695 0
363,390 8825 6
364,443 2470 8
365,065 5925 9
366,7990475114
367,203 1008 1
368,9733495240
369,4086736900
370,5191310882
371,4133276273
372,352 2874 2
373,0214538331
374,7957891755
375,598 1469 6
376,806 2571 6
377,467 7340 1
378,9888666663
379,0963251817
380,660 3915 7
381,1190463348
382,160 4010 2
383,986 9405 6
384,899 0925 0
385,5829377679
386,0282342761
387,1613324235
388,3111133434
389,981 5686 7
390,6756886158
391,228 2190 4
392,1147113451
393,918 2367 1
394,3621567805
395,1116195473
396,0208585523
397,5670840978
398,452 9976 1
399,607 2446 7
400,292 6492 5
401,694 0770 5
402,791 9521 2
403,075 6473 4
404,5411714540
405,5094549461
406,5512646585
407,7932020220
408,027 1234 0
409,9727618736
410,7193448788
411,5438913631
412,487 3812 0
413,829 7939 3
414,2305232387
415,660 6513 1
416,916 7303 3
417,1892096022
418,3962932024
419,491 4015 0
420,524 8092 8
421,952 5389 8
422,5467621601
423,1900612291
424,092 7548 8
425,4230799994
426,357 2168 6
427,332 1694 2
428,137 3042 9
429,326 0777 7
430,6493360111
431,2787742474
432,4323171717
433,3138593186
434,389 0698 0
435,0348312760
436,452 8719 7
437,626 5650 8
438,852 9756 5
439,930 9547 9
440,3356635544
441,1977138448
442,0034257242
443,149 2101 3
444,9111537939
445,505 3901 4
446,560 2978 1
447,5994192716
448,784 9205 7
449,308 9292 2
450,590 5351 4
451,976 3019 6
452,4915353025
453,2402778926
454,8307397522
455,2794215316
456,034 8485 0
457,840 8537 0
458,853 2013 1
459,8923818136
460,3054949429
461,1313764317
462,2293576012
463,1051563905
464,071 8166 9
465,1250146427
466,4562573693
467,3238895110
468,9195944305
469,046 0885 2
470,793 4651 9
471,9368395452
472,312 7993 6
473,2855609983
474,0835269526
475,7200569981
476,4410862938
477,7265419045
478,8025568319
479,598 0839 3
480,4772420938
481,301 8584 5
482,426 6171 4
483,2250869063
484,3903436915
485,077 9198 7
486,5102398973
487,363 4709 4
488,576 3577 3
489,2653980932
490,574 0340 1
491,712 4893 5
492,0789518720
493,9741944767
494,2039985245
495,259 3680 9
496,8708197123
497,0211014801
498,9503463822
499,483 1843 1
500,303 0374 8
501,6347239740
502,8637113441
503,421 3111 8
504,5632494227
505,581 7701 2
506,603 3068 1
507,6045518866
508,470 3912 5
509,729 9078 7
510,383 0202 9
511,5253646704
512,140 9470 0
513,4021685536
514,9142158944
515,1586948815
516,0435024861
517,867 8740 7
518,0380718682
519,145 0878 5
520,442 0189 0
521,9387910243
522,2699344654
523,8170814809
524,568 1413 2
525,505 4325 8
526,906 4671 7
527,662 7004 0
528,448 7362 9
529,7801046048
530,293 8715 3
531,254 9585 6
532,199 9269 5
533,2232070455
534,2761548836
535,5260342885
536,2523124776
537,495 2569 6
538,9934029853
539,159 7595 6
540,4822974803
541,9654101306
542,7145765389
543,8005965708
544,830 1313 4
545,269 6275 2
546,095 6325 9
547,101 5198 2
548,0114658427
549,790 4524 2
550,581 4729 0
551,9651272467
552,4674865469
553,327 7587 9
554,614 9483 9
555,583 6260 8
556,3472106407
557,9333857569
558,487 5467 1
559,730 4719 3
560,286 9178 6
561,4749111640
562,6202976771
563,528 8015 2
564,4028233871
565,063 1933 2
566,787 4550 2
567,690 7714 3
568,6529658339
569,350 5437 5
570,9492463134
571,078 8252 2
572,0674019010
573,9042397214
574,6478930214
575,696 3916 9
576,812 8088 5
577,7554949188
578,119 4109 4
579,172 6828 7
580,597 0340 3
581,0374671451
582,570 0411 9
583,623 0582 5
584,0905639723
585,8431573632
586,2416468379
587,757 4556 2
588,4725742550
589,5184980088
590,825 7524 3
591,082 2929 0
592,4289114158
593,4824904559
594,750 2453 5
595,606 3564 8
596,746 8480 8
597,209 2723 2
598,638 7255 5
599,3386396864
600,799 4631 0
601,005 0223 8
602,062 8323 9
603,693 7754 5
604,763 9336 9
605,540 3207 8
606,9678980066
607,5182786770
608,3550279380
609,0578163202
610,9984525427
611,185 1253 1
612,2447059458
613,517 0464 4
614,2076439314
615,6221516120
616,436 8642 7
617,305 3063 4
618,1607276048
619,6584732397
620,4380368957
621,948 9621 8
622,5946575002
623,5578602306
624,797 5544 7
625,0090803582
626,5387596812
627,501 6225 6
628,339 2775 5
629,608 0118 8
630,6077340876
631,649 6592 8
632,3154066417
633,770 2970 3
634,2277589449
635,448 0269 9
636,6726126605
637,3374637169
638,816 4352 9
639,0149110738
640,2136517231
641,491 7875 6
642,867 2944 0
643,9429318855
644,8595687516
645,353 4870 8
646,3102406903
647,763 8547 5
648,935 1590 7
649,7656018908
650,3111857728
651,903 3776 2
652,3470776146
653,453 5433 4
654,8276588356
655,2655574654
656,0378089674
657,749 4065 0
658,5672383654
659,5764839796
660,4735446869
661,684 2730 3
662,2945114626
663,7640444842
664,662 1131 2
665,1740995518
666,6382815586
667,037 5683 6
668,427 5114 6
669,227 3574 3
670,4040016129
671,7835163340
672,953 8712 8
673,799 7015 1
674,9992837832
675,856 3911 0
676,2007440973
677,6910463987
678,993 4128 7
679,768 8910 4
680,638 5984 2
681,9744110290
682,1548246709
683,6558675483
684,867 9422 7
685,885 3654 5
686,5407160492
687,0524231699
688,792 3254 4
689,6638370780
690,0126911237
691,099 0150 3
692,763 2841 4
693,3046836536
694,7109745239
695,241 8032 3
696,352 1260 0
697,433 4653 5
698,698 0013 0
699,5748436809
700,432 4154 4
701,7975716934
702,1372376561
703,2889879341
704,9485530810
705,425 0310 8
706,4784607665
707,9013996931
708,3889743804
709,739 2120 9
710,5895187740
711,2371120514
712,7917308348
713,647 6503 5
714,4172193406
715,111 4756 4
716,9246919650
717,489 0576 8
718,249 4843 9
719,0005343741
720,0217876533
721,2024002258
722,4470221463
723,4539704175
724,0585452792
725,5530580318
726,8165143990
727,7154644247
728,510 9433 2
729,0432227641
730,1339312183
731,5219745190
732,755 2839 3
733,274 3385 0
734,132 7022 9
735,7519803349
736,353 8190 3
737,3498605100
738,0169033056
739,9906511253
740,9457009051
741,741 5894 4
742,7350528894
743,1451251322
744,854 9857 5
745,7903977493
746,411 0325 9
747,155 7086 7
748,097 4430 0
749,4265215121
750,7813714778
751,4013824390
752,8231573535
753,130 6276 0
754,415 3490 5
755,6056685407
756,9556591717
757,809 4146 1
758,4129498832
759,2051059068
760,320 7672 4
761,2485622291
762,692 1247 0
763,330 7808 2
764,9904739274
765,4982781842
766,702 0604 1
767,6062448266
768,8880666437
769,2521921145
770,860 6701 9
771,8878795955
772,6316696514
773,853 1980 9
774,823 0007 3
775,6454111884
776,9751517572
777,628 7448 8
778,1311975988
779,9866060234
780,7995569738
781,145 6124 2
782,9748139190
783,354 7273 5
784,2411783057
785,5519687787
786,0925018654
787,344 1043 4
788,667 3598 0
789,4836104920
790,631 6415 9
791,024 9351 5
792,1584996052
793,8228903014
794,7459210336
795,6764545847
796,936 7612 8
797,245 3598 7
798,941 2637 1
799,9574632685
800,5783630834
801,894 8434 0
802,390 8915 1
803,4806699870
804,6531854469
805,151 2267 9
806,736 9175 0
807,8114998032
808,8334862341
809,883 8429 4
810,5042423559
811,371 9413 5
812,7830757027
813,0525079803
814,351 3997 9
815,938 4444 1
816,510 0268 2
817,4671159647
818,116 9529 7
819,644 6968 2
820,3731791286
821,042 5322 0
822,985 8334 1
823,5127844518
824,8839437221
825,2443409855
826,832 1937 5
827,610 8478 8
828,8213806639
829,9009252705
830,497 3605 6
831,991 3821 7
832,576 7483 1
833,034 4037 3
834,8128492461
835,868 2825 3
836,3220118152
837,3370532484
838,977 5848 7
839,342 4624 8
840,443 0745 4
841,792 0014 8
842,1496577135
843,3175801483
844,291 0203 4
845,5110952435
846,952 7645 0
847,5900025390
848,034 3227 9
849,4279465243
850,471 6393 8
851,794 5005 9
852,1920701051
853,738 6499 8
854,2504299789
855,1518753643
856,0450743028
857,3240816676
858,576 7237 0
859,0737499959
860,4955052900
861,0625425494
862,530 3638 0
863,1853960403
864,123 6337 4
865,840 7672 7
866,1741038919
867,341 2640 7
868,7377409431
869,7014088010
870,9578931546
871,3600832266
872,1840107894
873,515 4930 0
874,908 1262 8
875,4599753111
876,456 7905 7
877,825 3415 5
878,4484053163
879,282 9093 8
880,5636234052
881,1282537566
882,5469223128
883,4583969255
884,623 7660 6
885,4090802785
886,500 8526 0
887,674 6992 3
888,2987791525
889,287 2193 2
890,4627006088
891,5773925026
892,539 0689 5
893,360 7721 0
894,917 4622 0
895,150 1352 9
896,568 9770 4
897,337 1437 3
898,796 4264 6
899,110 7987 9
900,876 3168 9
901,417 4728 2
902,914 0783 9
903,231 4294 1
904,8451174476
905,505 6390 4
906,192 3576 9
907,2836960897
908,0260715768
909,164 2985 3
910,566 0621 2
911,913 3871 0
912,940 6579 3
913,387 5565 0
914,679 3506 0
915,5786914623
916,465 5642 8
917,884 2177 1
918,430 8307 2
919,2511228988
920,8850192517
921,1049627727
922,700 2274 2
923,8554191655
924,097 6053 3
925,6745740294
926,6710855947
927,9122976905
928,977 9421 2
929,916 0349 3
930,501 4588 4
931,7503597686
932,4745895527
933,280 2532 4
934,1244086075
935,070 7322 3
936,954 8038 5
937,982 5505 4
938,3604694300
939,013 2780 7
940,3277094688
941,115 8673 1
942,9124974522
943,211 0948 8
944,822 3450 3
945,737 8047 9
946,459 5903 2
947,7371257706
948,049 7736 3
949,8272266271
950,8846596305
951,620 2618 7
952,242 8373 8
953,9121941220
954,9042991060
955,871 7085 7
956,501 0538 1
957,0680955404
958,8454600064
959,535 9773 9
960,069 3109 0
961,5424036385
962,9859331454
963,8920113368
964,5664486773
965,970 6150 1
966,314 1029 1
967,009 0905 2
968,2231762679
969,6617653440
970,1513926108
971,578 7053 0
972,004 4297 6
973,001 6403 2
974,5539767046
975,099 9247 4
976,4826725456
977,956 4153 0
978,483 2852 6
979,2028109763
980,448 1105 8
981,826 3681 2
982,9672227974
983,385 0499 6
984,681 6744 9
985,601 2660 3
986,056 6479 2
987,6873724377
988,153 8841 4
989,6720276887
990,0292808966
991,264 6565 8
992,1705123361
993,738 4534 6
994,0072370770
995,9715215518
996,608 7650 3
997,523 4419 2
998,4274953013
999,1630716374
1000,989 9403 5
1001,0434232616
1002,303 8059 9
1003,8062656402
1004,9939961522
1005,1839361680
1006,963 5899 7
1007,3078788894
1008,870 9900 7
1009,1265468559
1010,8369500468
1011,5369904491
1012,623 2922 8
1013,826 0728 9
1014,7594149514
1015,4486229286
1016,0296592821
1017,483 9540 5
1018,514 2608 6
1019,301 6544 2
1020,7804982368
1021,5419755443
1022,9714036841
1023,1919525234
1024,1145851306
1025,243 2225 0
1026,8450004013
1027,2101637818
1028,7505808157
1029,6334598124
1030,536 0384 2
1031,037 2461 1
1032,155 5731 7
1033,8138496566
1034,364 0944 3
1035,7232381372
1036,9120877552
1037,978 7599 6
1038,130 6933 5
1039,563 6687 0
1040,6427921408
1041,0739578629
1042,488 4962 5
1043,5100801552
1044,423 5287 6
1045,565 5437 5
1046,033 2668 2
1047,5752194782
1048,607 3286 7
1049,309 9625 6
1050,306 2258 5
1051,308 6680 5
1052,7682127137
1053,448 3067 9
1054,3700307271
1055,929 1390 9
1056,970 3755 0
1057,169 0797 8
1058,5360928346
1059,0299851007
1060,716 9948 6
1061,6878150658
1062,546 2237 4
1063,7349249706
1064,2230278268
1065,959 1649 6
1066,3316618936
1067,3837930230
1068,4216781943
1069,259 9508 3
1070,8569861678
1071,742 1954 7
1072,3728973024
1073,554 5368 1
1074,716 0133 3
1075,335 4599 4
1076,9028367888
1077,381 7406 9
1078,702 6925 4
1079,1167701233
1080,116 6177 4
1081,661 5529 5
1082,3632874173
1083,990 4140 1
1084,1750896583
1085,384 0180 3
1086,396 5336 5
1087,853 1680 6
1088,0117315400
1089,219 0830 3
1090,3975028523
1091,581 1127 1
1092,741 1688 4
1093,8240151061
1094,996 5831 7
1095,421 7215 0
1096,131 5484 2
1097,7002520588
1098,0932466991
1099,1778254852
1100,4974549734
1101,9396303768
1102,444 9834 2
1103,5538727855
1104,531 1103 2
1105,5829371111
1106,588 1524 6
1107,549 7024 6
1108,1197407016
1109,142 5032 8
1110,6740692354
1111,6889674771
1112,623 6141 0
1113,379 1605 5
1114,739 3842 9
1115,977 1731 4
1116,273 6011 9
1117,0812195314
1118,369 1363 3
1119,820 3945 7
1120,0127464464
1121,3882345552
1122,159 2859 9
1123,5162260424
1124,959 6792 8
1125,458 9361 0
1126,9291226964
1127,385 3255 9
1128,0898925121
1129,7154767143
1130,666 3494 7
1131,296 3647 5
1132,283 5172 8
1133,478 1978 0
1134,0189711169
1135,800 9513 9
1136,9733125662
1137,6917908182
1138,7948036102
1139,548 5570 0
1140,190 1458 3
1141,5287472499
1142,542 2202 4
1143,7686628641
1144,625 5086 9
1145,463 4977 4
1146,6976290409
1147,2830989647
1148,2988524684
1149,368 2292 8
1150,5537389349
1151,978 0437 8
1152,523 0642 0
1153,6399093597
1154,9184676055
1155,441 8816 1
1156,728 9370 6
1157,9077376335
1158,1894424063
1159,1488986141
1160,996 6046 5
1161,698 5888 1
1162,1528805430
1163,764 2036 9
1164,4203188810
1165,7130934514
1166,255 6267 5
1167,546 0360 5
1168,1495197235
1169,265 7770 3
1170,6688990006
1171,193 4823 7
1172,144 6810 0
1173,6381452921
1174,916 8127 7
1175,1521598334
1176,8525966780
1177,4113617992
1178,6958702001
1179,216 5949 2
1180,530 7640 2
1181,3901793145
1182,074 8076 7
1183,896 1956 6
1184,2498762817
1185,6988355619
1186,884 1848 2
1187,3193578021
1188,948 1398 0
1189,682 9968 8
1190,914 7369 9
1191,7731844306
1192,053 0896 8
1193,851 7222 1
1194,971 9643 8
1195,7741156573
1196,3291564333
1197,399 3706 1
1198,6033222569
1199,6315170497
1200,167 2437 9
1201,202 2146 5
1202,8206268358
1203,7378173622
1204,7729185153
1205,1049883675
1206,6884826334
1207,247 0336 9
1208,854 6663 5
1209,481 1161 5
1210,047 9616 7
1211,2880049191
1212,608 9735 3
1213,280 0088 9
1214,8147928390
1215,3862520146
1216,3277920903
1217,979 0654 7
1218,3938262004
1219,7848680885
1220,796 4375 8
1221,297 7478 7
1222,1472564156
1223,669 4672 5
1224,3085748901
1225,8728108746
1226,535 5821 2
1227,5957463195
1228,8404127780
1229,9650628328
1230,0855056442
1231,0599342495
1232,604 6745 6
1233,9496885362
1234,254 3210 3
1235,7898277138
1236,4088942512
1237,430 8049 5
1238,616 4326 4
1239,180 7866 9
1240,858 1417 2
1241,1291754598
1242,8932368411
1243,694 7552 3
1244,9909496111
1245,396 8982 8
1246,9246277600
1247,880 1755 3
1248,4433020540
1249,2296955993
1250,7675809495
1251,800 4491 7
1252,187 0023 4
1253,3549557423
1254,656 7314 1
1255,4788742843
1256,8167694992
1257,1406761309
1258,8304564235
1259,0437768692
1260,3403564894
1261,8342114290
1262,3173682906
1263,171 8544 2
1264,931 9818 4
1265,5107187829
1266,906 2764 7
1267,8407027784
1268,242 9273 4
1269,333 5662 5
1270,5030395429
1271,5616409997
1272,3200427938
1273,784 1034 8
1274,477 9369 5
1275,1010882791
1276,606 4151 1
1277,9837277708
1278,163 6023 3
1279,331 3162 9
1280,1911333066
1281,666 0958 6
1282,7851077736
1283,3378403968
1284,8629986036
1285,524 8421 0
1286,680 3321 5
1287,8241296167
1288,0765629998
1289,9906036797
1290,6510105687
1291,0306227065
1292,508 7924 6
1293,3796321380
1294,9968826446
1295,8598618207
1296,4294987843
1297,3542598248
1298,717 2859 8
1299,5909788869
1300,4926205763
1301,9019569986
1302,455 2352 1
1303,6466461957
1304,927 7413 7
1305,101 0424 4
1306,819 2101 7
1307,5762831689
1308,963 2055 0
1309,6340391115
1310,302 8710 6
1311,9747465944
1312,1245529987
1313,711 4621 0
1314,139 9385 5
1315,7407423751
1316,3206851893
1317,9694351581
1318,841 5566 8
1319,406 4530 3
1320,275 8092 1
1321,2998638171
1322,807 0684 0
1323,1303788241
1324,332 2349 5
1325,103 7812 3
1326,525 6305 3
1327,729 5603 6
1328,688 1190 2
1329,4529664039
1330,996 9076 6
1331,0970391062
1332,826 8094 2
1333,8053061745
1334,4391954736
1335,200 2587 0
1336,998 0904 7
1337,841 3168 2
1338,1047668066
1339,578 6391 0
1340,697 7717 1
1341,1774915148
1342,428 4110 3
1343,6606946455
1344,1183169883
1345,3948299902
1346,3845136434
1347,1493100377
1348,9978171801
1349,471 3220 9
1350,6901044480
1351,048 9248 0
1352,7920918830
1353,958 0886 8
1354,688 2427 7
1355,0894026897
1356,215 4400 2
1357,481 8643 6
1358,445 2597 4
1359,9868690597
1360,4291402177
1361,508 4046 9
1362,1421085052
1363,968 5299 9
1364,434 3541 3
1365,3221376887
1366,4634367902
1367,9812587983
1368,4472154005
1369,536 9121 6
1370,4014266194
1371,8998877658
1372,1256435176
1373,3279827237
1374,634 5165 9
1375,965 2603 6
1376,270 5225 4
1377,833 0046 7
1378,077 4095 8
1379,684 8656 0
1380,7199938076
1381,692 2602 3
1382,993 4065 3
1383,4078966179
1384,0647831431
1385,0816830755
1386,2492878868
1387,5932518941
1388,776 9502 2
1389,294 1959 6
1390,9833103523
1391,343 4582 9
1392,7926551755
1393,2355511170
1394,022 0521 8
1395,147 1319 2
1396,268 2594 5
1397,513 1989 4
1398,4235197515
1399,432 1497 7
1400,1535375858
1401,834 6403 0
1402,971 5365 9
1403,1972779835
1404,825 7333 6
1405,2345325197
1406,151 8800 8
1407,0694521602
1408,9108399449
1409,298 1888 2
1410,5213374337
1411,9501300345
1412,0686521787
1413,1200733243
1414,285 5988 2
1415,660 4896 4
1416,084 9133 9
1417,0850753312
1418,008 6980 8
1419,277 0854 1
1420,995 8223 1
1421,3371849130
1422,836 2080 0
1423,3474008728
1424,2375161674
1425,250 0700 2
1426,8793079805
1427,6828261550
1428,9901286216
1429,1479702789
1430,4051399364
1431,9216738760
1432,613 1325 2
1433,6346838600
1434,474 4921 9
1435,7021866137
1436,5854641318
1437,997 6776 3
1438,252 2837 6
1439,7378372995
1440,7152555694
1441,9198287864
1442,022 6125 0
1443,264 3334 3
1444,371 8193 6
1445,964 3691 7
1446,218 3866 8
1447,183 2884 5
1448,222 7181 7
1449,9439716511
1450,1342286030
1451,141 0392 0
1452,206 5250 3
1453,9844720537
1454,0468345670
1455,793 5040 2
1456,5603843237
1457,124 9385 3
1458,9015986965
1459,1390661828
1460,651 1332 9
1461,4067443953
1462,2133587830
1463,5307008032
1464,1645435095
1465,104 8751 5
1466,387 8213 4
1467,7297251207
1468,0961969347
1469,192 8598 0
1470,823 2809 7
1471,5257901412
1472,0183387762
1473,4787850006
1474,902 4208 4
1475,189 7810 9
1476,336 6953 9
1477,1548765352
1478,9613629862
1479,351 7137 6
1480,048 9075 7
1481,9401207047
1482,697 9870 2
1483,796 3534 6
1484,386 2614 4
1485,382 1933 7
1486,6443911105
1487,7172271007
1488,9913104798
1489,287 5648 7
1490,604 3169 9
1491,896 0444 6
1492,419 0244 2
1493,534 9453 5
1494,0847633616
1495,751 4672 9
1496,698 8191 2
1497,1992472622
1498,342 8914 0
1499,715 7507 2
1500,5160184866
1501,4882000585
1502,588 2634 6
1503,714 0570 0
1504,188 7195 1
1505,236 3961 7
1506,3130888266
1507,362 9026 4
1508,1288488617
1509,7155868146
1510,7539555009
1511,1043411801
1512,258 1146 9
1513,4243847531
1514,992 8668 3
1515,7804479023
1516,307 2877 4
1517,685 8761 3
1518,2822680133
1519,029 2233 3
1520,7785888010
1521,3887709290
1522,831 8489 7
1523,309 4865 7
1524,277 0943 7
1525,9697687730
1526,102 8166 1
1527,3496317629
1528,9584449262
1529,1513326854
1530,2087680793
1531,9477351681
1532,762 5662 4
1533,052 6248 4
1534,946 6614 1
1535,938 4676 3
1536,314 4667 4
1537,2187245171
1538,474 9840 8
1539,358 2599 3
1540,3573248284
1541,296 1091 4
1542,241 3865 2
1543,657 7499 7
1544,058 9835 1
1545,5770404827
1546,975 4462 2
1547,006 0564 3
1548,3508915417
1549,802 5681 7
1550,885 9680 6
1551,0953051378
1552,5145061673
1553,3566609108
1554,8685780685
1555,740 2349 8
1556,2404495641
1557,848 7107 3
1558,091 5728 5
1559,046 7157 5
1560,6878409254
1561,1193640849
1562,6466090623
1563,3785764211
1564,7604152936
1565,284 2410 6
1566,710 2426 2
1567,328 4180 1
1568,9452741401
1569,749 7984 1
1570,076 1355 8
1571,6273224482
1572,522 1655 4
1573,515 1493 4
1574,694 9820 5
1575,5271636988
1576,212 2368 7
1577,6577701116
1578,3586865325
1579,317 3340 1
1580,7216462340
1581,8030076425
1582,1512673424
1583,428 9722 5
1584,369 3814 5
1585,0545899586
1586,743 5191 9
1587,6552690785
1588,1162927421
1589,478 5694 4
1590,638 1780 9
1591,658 6076 1
1592,233 6374 3
1593,1158405808
1594,436 7271 5
1595,661 1565 1
1596,6670198879
1597,7447696259
1598,5119077937
1599,2649237936
1600,654 1945 3
1601,276 4768 0
1602,6719405906
1603,7222470679
1604,0458182602
1605,219 9847 6
1606,775 2454 9
1607,1325702016
1608,8437621468
1609,7548138820
1610,592 4489 0
1611,705 9336 6
1612,5405537794
1613,186 8701 5
1614,715 1467 9
1615,207 5537 7
1616,2208957442
1617,8375007293
1618,876 2654 6
1619,408 3388 1
1620,0661394137
1621,6918654722
1622,011 1216 8
1623,225 3803 4
1624,247 8150 5
1625,0542662031
1626,7029430437
1627,2507422233
1628,2724586379
1629,2847179623
1630,817 8026 8
1631,318 9151 6
1632,887 9493 6
1633,2786041615
1634,7302431291
1635,496 3999 5
1636,0067506534
1637,6570695966
1638,7382241702
1639,1701647915
1640,408 1527 7
1641,375 3177 1
1642,2205134752
1643,6179746076
1644,815 1663 4
1645,300 4680 5
1646,533 4475 5
1647,101 5616 8
1648,7982751695
1649,348 2696 1
1650,200 0598 2
1651,994 8607 1
1652,0584002231
1653,240 3287 2
1654,9221963021
1655,645 2808 1
1656,739 6934 0
1657,148 1826 6
1658,2138595489
1659,6146863994
1660,2430001426
1661,0651813997
1662,3209386678
1663,3722060911
1664,634 7934 7
1665,5858945416
1666,901 1520 4
1667,267 6565 9
1668,2521323987
1669,670 5596 3
1670,149 4059 4
1671,628 2704 3
1672,9531911232
1673,2539210907
1674,097 0616 2
1675,019 2853 7
1676,5595181956
1677,959 0951 4
1678,854 5918 8
1679,799 3178 6
1680,6848389725
1681,876 0625 7
1682,1284013989
1683,9850908693
1684,1607815150
1685,542 0215 3
1686,9240314827
1687,329 1168 6
1688,8909965152
1689,3111483223
1690,2899220410
1691,7931012976
1692,1527895739
1693,1733984023
1694,2435395990
1695,5906096157
1696,2834692212
1697,6326944272
1698,859 4378 4
1699,204 1501 4
1700,891 6494 2
1701,8133305207
1702,125 8391 3
1703,2614931063
1704,556 0599 6
1705,4519246822
1706,9573727506
1707,313 2871 4
1708,4260164705
1709,1917322247
1710,8093690645
1711,3469447680
1712,311 1212 0
1713,6314699907
1714,5507617348
1715,609 3900 0
1716,9479405425
1717,0696714248
1718,050 1388 9
1719,707 9626 9
1720,3941130315
1721,633 0315 4
1722,038 8617 2
1723,715 0303 8
1724,500 4533 8
1725,347 0199 0
1726,901 2129 3
1727,880 5905 0
1728,4952291814
1729,6133024532
1730,8343502092
1731,4485928462
1732,293 9025 5
1733,214 1827 4
1734,0550395728
1735,415 5767 1
1736,301 0220 2
1737,333 1421 9
1738,100 0877 7
1739,801 3859 8
1740,1805005581
1741,8591899728
1742,0378504220
1743,1716525127
1744,3911541643
1745,414 8114 1
1746,937 5765 1
1747,021 6194 5
1748,368 3929 7
1749,9316647919
1750,5979716933
1751,5967737495
1752,0657375365
1753,094 8224 1
1754,2280450472
1755,503 5472 9
1756,3687227954
1757,0063647450
1758,5475046860
1759,0610003886
1760,539 8889 0
1761,113 5398 5
1762,5243202318
1763,2839100596
1764,2806621148
1765,1879777565
1766,9980875737
1767,4001311338
1768,7641912747
1769,0157160077
1770,2002275569
1771,4321674230
1772,185 3321 6
1773,4264880332
1774,2580916780
1775,9670505107
1776,866 1517 6
1777,915 6856 0
1778,248 1393 1
1779,1027366635
1780,5755443420
1781,4188300708
1782,404 5768 8
1783,566 9592 9
1784,575 6135 9
1785,3709267463
1786,3082031800
1787,273 3240 5
1788,782 9654 1
1789,8135634941
1790,6369618425
1791,2274854923
1792,656 6349 6
1793,6440474817
1794,3792803804
1795,1370430496
1796,361 1427 6
1797,7640286800
1798,4786674947
1799,856 5285 1
1800,8332571542
1801,011 4371 2
1802,8163832735
1803,8237626041
1804,3328623718
1805,2879872062
1806,0853283048
1807,8386727344
1808,1475994137
1809,5529705806
1810,002 6123 6
1811,9523786564
1812,9246978441
1813,544 3000 7
1814,7502059563
1815,3481719268
1816,595 1177 7
1817,3102789883
1818,5625649326
1819,9366056682
1820,0964525755
1821,2822381036
1822,309 2895 7
1823,9652421626
1824,773 5349 5
1825,1650169595
1826,2353842307
1827,153 2834 3
1828,5647381389
1829,002 8744 5
1830,258 9274 4
1831,7946127484
1832,665 0484 4
1833,329 6067 6
1834,1779943034
1835,6964419361
1836,570 8175 4
1837,964 3180 4
1838,565 1319 0
1839,4564949622
1840,831 3079 1
1841,2765002137
1842,6026422031
1843,628 9466 9
1844,3221187292
1845,0419007153
1846,892 5689 1
1847,8882955980
1848,771 0156 2
1849,137 5423 8
1850,785 0222 9
1851,996 3983 0
1852,7862338356
1853,2525426558
1854,075 9637 4
1855,3048111039
1856,147 2766 7
1857,811 6916 8
1858,1815212495
1859,134 4298 8
1860,590 1944 0
1861,058 5248 5
1862,632 5657 1
1863,128 8013 7
1864,504 5655 2
1865,456 3590 9
1866,782 3171 4
1867,262 1398 9
1868,026 3700 0
1869,272 3217 3
1870,0909708114
1871,229 5985 8
1872,670 4212 3
1873,509 6284 2
1874,2753611585
1875,792 5467 1
1876,2406487838
1877,103 4912 4
1878,034 2966 5
1879,575 1061 6
1880,836 3490 2
1881,2095559936
1882,185 5366 7
1883,6456217860
1884,7792985515
1885,047 1521 5
1886,1468710002
1887,0374358967
1888,7939095670
1889,2568002008
1890,7007493846
1891,298 3887 6
1892,3696711269
1893,338 3266 7
1894,8758859581
1895,7116893549
1896,611 8084 4
1897,2375663169
1898,5912505185
1899,734 9125 5
1900,516 3367 3
1901,8023961444
1902,6866777877
1903,7726382678
1904,441 7920 4
1905,0182685740
1906,6352364169
1907,4566997160
1908,040 9183 2
1909,1292197278
1910,060 6266 1
1911,9507833020
1912,3671118309
1913,2594937569
1914,208 3939 5
1915,752 0959 6
1916,7579197363
1917,855 7461 0
1918,6690469316
1919,158 6834 4
1920,869 1151 0
1921,1224910491
1922,2407084428
1923,6870330325
1924,600 8080 9
1925,3834547882
1926,193 1914 6
1927,2334311946
1928,0306657154
1929,8755189916
1930,3161774174
1931,726 9968 1
1932,3698909691
1933,0536857928
1934,398 4137 9
1935,1083771736
1936,187 3205 7
1937,4573326878
1938,0245357725
1939,1723229731
1940,915 3232 8
1941,7517543166
1942,094 6650 4
1943,033 6717 9
1944,421 5520 6
1945,935 3865 1
1946,6951967873
1947,681 8225 8
1948,6971881006
1949,143 5209 2
1950,4657662510
1951,7071991757
1952,3183788071
1953,4073069775
1954,391 4190 7
1955,364 0781 4
1956,482 8287 8
1957,7736940603
1958,012 5287 8
1959,731 2165 6
1960,9591429719
1961,236 5036 6
1962,076 9325 5
1963,3012064719
1964,4033886164
1965,4872102683
1966,087 2419 8
1967,915 5827 4
1968,0466096513
1969,939 6002 5
1970,9067967816
1971,4735586156
1972,645 1290 7
1973,1889592887
1974,9920733391
1975,704 4654 7
1976,175 6157 0
1977,953 5513 6
1978,369 7664 6
1979,8428194868
1980,6060857557
1981,656 9026 7
1982,487 2187 6
1983,1804721315
1984,3234228492
1985,8675837835
1986,2938544775
1987,2244415982
1988,7347178207
1989,621 7716 0
1990,1571670923
1991,9785311854
1992,1247637269
1993,7007651665
1994,360 1108 8
1995,994 5458 4
1996,6236697086
1997,2526545300
1998,279 8755 8
1999,549 9549 5
